ISO,Country,Country_FR,AU_Regions,Area,Upop1950,Upop1960,Upop1970,Upop1980,Upop1990,Upop2000,Upop2010,Upop2015,Upop2020,Upop2025,Upop2030,Upop2035,Upop2040,Upop2045,Upop2050,Usurf2015,Usurf2020,Usurf2025,Usurf2030,Usurf2035,Usurf2040,Usurf2045,Usurf2050,TPOP1950,TPOP1960,TPOP1970,TPOP1980,TPOP1990,TPOP2000,TPOP2010,TPOP2015,TPOP2020,TPOP2025,TPOP2030,TPOP2035,TPOP2040,TPOP2045,TPOP2050,Urbanlevel1950,Urbanlevel1960,Urbanlevel1970,Urbanlevel1980,Urbanlevel1990,Urbanlevel2000,Urbanlevel2010,Urbanlevel2015,Urbanlevel2020,Urbanlevel2025,Urbanlevel2030,Urbanlevel2035,Urbanlevel2040,Urbanlevel2045,Urbanlevel2050,NumAgglos1950,NumAgglos1960,NumAgglos1970,NumAgglos1980,NumAgglos1990,NumAgglos2000,NumAgglos2010,NumAgglos2015,NumAgglos2020,NumAgglos2025,NumAgglos2030,NumAgglos2035,NumAgglos2040,NumAgglos2045,NumAgglos2050,Mpop1950,Mpop1960,Mpop1970,Mpop1980,Mpop1990,Mpop2000,Mpop2010,Mpop2015,Mpop2020,Mpop2025,Mpop2030,Mpop2035,Mpop2040,Mpop2045,Mpop2050,ADBA1950,ADBA1960,ADBA1970,ADBA1980,ADBA1990,ADBA2000,ADBA2010,ADBA2015,ADBA2020,ADBA2025,ADBA2030,ADBA2035,ADBA2040,ADBA2045,ADBA2050
AGO,Angola,Angola,Southern Africa,"1,246,700","220,300","383,500","778,024","1,539,917","2,592,469","4,170,797","10,248,991","15,823,034","19,571,257","23,265,865","27,521,191","32,143,232","37,185,163","42,479,005","48,008,352","2,134","2,328","2,957","3,785","4,852","6,279","7,798","9,248","4,145,266","4,980,121","5,646,166","7,440,366","9,840,995","13,828,340","20,548,716","24,992,884","31,122,000","36,106,328","41,592,939","47,479,444","53,668,860","60,045,246","66,471,230",5%,8%,14%,21%,26%,30%,50%,63%,63%,64%,66%,68%,69%,71%,72%,5,7,11,18,26,39,73,93,121,122,131,135,137,139,143,64%,59%,61%,50%,47%,46%,50%,44%,42%,44%,44%,44%,44%,44%,44%,184.8,172.2,190.0,120.5,90.2,76.1,55.9,52.1,43.2,43.9,41.8,42.3,42.6,42.8,43.5
BDI,Burundi,Burundi,Central Africa,"25,680","18,954","49,218","95,565","178,587","281,659","448,881","1,510,647","1,804,627","9,235,811","11,319,317","13,075,003","14,947,796","16,760,920","18,595,976","20,389,141",458,"3,731","5,077","6,317","7,788","9,393","11,183","12,852","2,032,710","2,721,528","3,475,482","4,128,349","5,292,793","6,665,688","8,444,785","9,823,828","11,861,000","14,480,138","16,377,249","18,320,293","20,295,225","22,248,427","24,190,164",1%,2%,3%,4%,5%,7%,18%,18%,78%,78%,80%,82%,83%,84%,84%,1,1,1,2,4,5,20,23,174,117,103,79,41,21,10,100%,100%,100%,94%,84%,79%,58%,58%,21%,20%,58%,69%,79%,87%,97%,0.0,0.0,0.0,64.7,55.9,53.4,22.2,19.6,6.7,7.4,7.6,8.5,10.9,14.8,19.5
BEN,Benin,Bénin,West Africa,"112,760","89,069","239,730","369,351","806,259","1,257,137","1,981,914","3,287,193","4,708,377","7,045,147","8,344,696","9,632,931","11,164,279","12,589,596","14,063,583","15,350,793","1,004","2,200","2,663","3,169","3,782","4,424","5,099","5,728","1,572,214","2,237,000","2,709,000","3,460,215","4,689,335","6,411,378","9,033,485","10,749,468","12,123,198","13,682,496","15,334,088","17,023,158","18,754,677","20,495,933","22,188,044",6%,11%,14%,23%,27%,31%,36%,44%,58%,61%,63%,66%,67%,69%,69%,5,8,9,18,23,36,65,96,157,180,201,229,237,240,239,56%,59%,69%,62%,61%,58%,48%,45%,40%,40%,39%,38%,38%,38%,37%,44.1,55.7,46.9,44.4,37.8,28.4,20.8,16.0,12.6,12.2,11.4,10.5,10.4,10.4,10.5
BFA,Burkina Faso,Burkina Faso,West Africa,"273,600","85,196","143,242","317,069","708,492","1,395,280","2,422,327","4,080,743","5,085,493","6,632,783","8,292,800","10,093,649","12,015,257","14,086,859","16,248,146","18,452,028","1,177","1,690","2,311","3,170","4,262","5,572","7,152","8,683","3,010,000","4,178,252","5,195,182","6,597,870","8,862,969","11,415,598","16,468,714","18,450,494","20,789,000","23,618,676","26,610,009","29,671,289","32,740,572","35,763,804","38,673,181",3%,3%,6%,11%,16%,21%,25%,28%,32%,35%,38%,40%,43%,45%,48%,3,4,6,16,30,52,74,86,113,127,136,139,141,141,142,88%,79%,74%,64%,60%,56%,58%,58%,57%,56%,56%,55%,55%,56%,56%,137.5,139.4,129.9,56.6,50.5,37.6,33.7,30.3,24.6,23.0,21.9,21.7,22.1,22.3,22.3
BWA,Botswana,Botswana,Southern Africa,"566,730",-,-,"79,418","246,851","518,388","799,876","1,052,310","1,168,439","1,307,346","1,480,042","1,652,738","1,859,838","2,057,675","2,231,626","2,399,397",764,839,992,"1,158","1,393","1,650","1,909","2,164","279,880","412,183","589,967","895,081","1,277,591","1,637,692","1,995,462","2,195,134","2,284,000","2,468,796","2,640,503","2,799,019","2,945,056","3,070,261","3,174,149",0%,0%,13%,28%,41%,49%,53%,53%,57%,60%,63%,66%,70%,73%,76%,0,0,6,11,17,21,22,24,28,30,33,37,40,43,45,0%,0%,18%,21%,26%,26%,29%,29%,29%,29%,28%,28%,33%,33%,33%,0.0,0.0,79.0,90.9,58.9,52.5,61.5,56.6,59.7,57.8,53.0,48.7,54.9,51.9,57.0
CAF,Central African Republic,République centrafricaine,Central Africa,"622,980","37,614","140,335","378,203","628,286","878,147","1,211,819","1,594,232","1,782,691","2,725,354","3,190,314","3,694,560","4,228,959","4,715,119","5,190,269","5,647,583",231,330,406,502,623,743,870,998,"1,078,800","1,187,100","1,687,403","2,300,073","2,800,182","3,627,394","4,513,932","4,971,725","5,994,000","6,551,453","7,174,351","7,769,597","8,302,742","8,772,073","9,184,692",3%,12%,22%,27%,31%,33%,35%,36%,45%,49%,51%,54%,57%,59%,61%,1,5,11,15,21,27,30,30,47,54,59,65,68,71,74,100%,60%,53%,54%,51%,52%,53%,53%,51%,50%,50%,50%,50%,50%,51%,0.0,220.3,102.5,97.6,83.4,83.8,81.7,81.7,72.1,66.7,63.8,58.3,54.6,53.5,53.5
CIV,Cote d`Ivoire,Côte d’Ivoire,West Africa,"318,000","106,761","379,772","1,179,863","2,668,800","4,569,060","6,881,953","9,617,876","11,197,175","14,708,139","17,176,546","20,069,152","22,963,967","25,930,577","28,967,536","32,110,360","1,378","2,184","2,707","3,412","4,232","5,117","6,076","7,127","2,422,015","3,161,207","5,293,700","8,041,949","11,537,543","15,619,748","20,596,863","23,300,000","27,903,000","31,282,855","34,844,860","38,495,463","42,213,882","45,918,803","49,596,354",4%,12%,22%,33%,40%,44%,47%,48%,53%,55%,58%,60%,61%,63%,65%,3,8,26,51,73,113,173,206,278,308,354,381,400,412,429,60%,59%,49%,47%,46%,44%,43%,42%,40%,39%,38%,38%,37%,38%,38%,208.7,106.1,61.7,44.0,40.2,31.5,23.8,20.6,17.2,16.3,15.4,14.9,14.5,14.4,14.0
CMR,Cameroon,Cameroun,Central Africa,"472,710","299,700","465,300","1,098,900","2,176,050","3,932,882","5,809,355","10,052,556","12,513,977","15,584,811","18,436,434","21,503,901","24,778,940","28,270,074","31,891,748","35,605,664","3,181","3,821","4,635","5,657","6,907","8,270","9,782","11,564","3,700,000","4,334,795","5,905,501","8,201,089","11,475,946","15,113,429","19,734,760","22,179,707","26,133,000","29,252,372","32,478,041","35,747,341","39,084,455","42,320,613","45,466,682",8%,11%,19%,27%,34%,38%,51%,56%,60%,63%,66%,69%,72%,75%,78%,11,17,30,45,64,71,126,135,146,151,154,153,149,147,142,50%,42%,44%,45%,46%,50%,45%,52%,52%,52%,52%,52%,52%,52%,52%,80.8,62.3,53.3,50.6,45.7,42.8,28.3,27.7,26.2,25.6,25.3,25.8,26.3,26.6,27.3
COD,Democratic Republic of the Congo,République démocratique du Congo,Central Africa,"2,267,050","571,478","1,721,305","4,627,488","6,828,476","10,485,198","13,762,097","21,370,873","31,064,400","43,338,227","53,564,396","64,465,077","75,707,764","87,279,258","99,023,619","110,608,079","4,000","5,065","6,552","8,625","11,005","13,756","17,003","20,186","12,577,167","14,140,889","21,400,117","27,618,390","36,676,308","48,004,592","62,500,000","71,246,000","93,099,000","107,099,768","121,243,190","135,201,275","148,755,618","161,513,648","173,463,907",5%,12%,22%,25%,29%,29%,34%,44%,47%,50%,53%,56%,59%,61%,64%,14,36,89,106,124,138,331,491,612,648,669,673,665,659,655,45%,37%,33%,37%,41%,39%,34%,30%,30%,30%,29%,30%,30%,30%,30%,202.7,140.7,79.4,72.0,66.9,65.9,34.5,27.5,24.7,24.0,23.9,24.1,24.2,24.6,24.9
COG,Republic of the Congo,République du Congo,Central Africa,"341,500","102,400","173,500","372,940","801,521","1,306,712","1,863,885","2,711,859","3,022,315","3,882,270","4,491,579","5,170,353","5,902,037","6,666,584","7,487,267","8,286,919",525,641,779,953,"1,176","1,431","1,758","2,095","679,300","869,372","1,133,318","1,616,934","2,207,235","2,943,721","4,216,028","4,687,514","5,470,000","6,119,295","6,807,886","7,535,362","8,281,125","9,031,030","9,761,217",15%,20%,33%,50%,59%,63%,64%,64%,71%,73%,76%,78%,81%,83%,85%,2,3,4,9,14,15,22,25,29,32,36,39,41,43,43,100%,93%,89%,84%,82%,83%,82%,81%,80%,79%,78%,78%,78%,78%,78%,352.6,159.2,108.7,95.5,89.0,89.1,67.1,64.3,54.2,50.4,46.5,44.7,46.7,45.6,45.6
COM,Comoros,Comores,East Africa,"1,659",-,-,"12,996","33,767","51,690","140,906","185,164","401,170","524,943","587,505","663,799","731,589","824,464","931,518","1,052,020",47,79,91,107,122,143,170,199,"147,645","171,532","241,853","335,150","435,248","550,391","734,515","838,823","869,595","984,946","1,071,659","1,156,352","1,238,895","1,317,273","1,386,704",0%,0%,5%,10%,12%,26%,25%,48%,60%,60%,62%,63%,67%,71%,76%,0,0,1,2,2,7,7,15,18,18,20,21,23,27,32,0%,0%,100%,51%,56%,34%,44%,32%,29%,29%,29%,29%,33%,31%,29%,0.0,0.0,0.0,128.5,128.5,25.2,23.4,10.3,9.8,10.2,9.7,10.0,9.0,7.7,5.3
CPV,Cabo Verde,Cabo Verde,West Africa,"4,030","10,084","31,500","50,291","77,735","108,753","169,796","229,588","263,913","272,671","293,780","336,284","358,116","378,036","395,137","409,026",47,62,68,80,88,95,102,108,"149,984","199,902","271,292","295,703","355,278","434,812","491,875","524,833","484,000","503,923","520,804","534,068","543,728","548,923","549,623",7%,16%,19%,26%,31%,39%,47%,50%,56%,58%,65%,67%,70%,72%,74%,1,2,2,2,2,3,4,4,6,6,8,8,8,8,8,100%,100%,100%,100%,100%,94%,87%,85%,76%,77%,72%,71%,71%,71%,70%,0.0,263.9,263.9,263.9,263.9,210.5,115.8,115.8,78.0,78.0,45.6,45.6,45.6,45.6,45.6
DJI,Djibouti,Djibouti,East Africa,"23,180","31,900","37,400","88,600","183,954","273,557","390,883","593,127","688,802","744,027","794,983","839,690","877,923","909,575","936,223","957,378",61,76,83,90,95,100,104,108,"50,000","78,400","145,200","244,613","340,282","475,899","841,067","956,000","1,080,000","1,142,905","1,195,719","1,238,405","1,271,100","1,296,263","1,313,431",64%,48%,61%,75%,80%,82%,71%,72%,69%,70%,70%,71%,72%,72%,73%,1,1,1,1,1,1,6,7,7,7,7,7,7,7,7,100%,100%,100%,100%,100%,100%,82%,81%,77%,77%,78%,78%,78%,78%,78%,0.0,0.0,0.0,0.0,0.0,0.0,33.5,29.3,29.3,29.3,29.3,29.3,29.3,29.3,29.3
DZA,Algeria,Algérie,North Africa,"2,381,740","1,483,508","2,981,625","4,364,236","6,529,146","9,885,877","14,267,969","19,762,046","24,427,994","30,688,131","33,605,556","36,168,671","38,475,553","40,708,134","43,007,505","45,189,889","4,460","4,878","5,489","6,064","6,613","7,187","7,809","8,425","8,920,704","10,267,137","13,457,110","17,831,188","24,671,419","30,267,029","35,978,000","39,963,000","43,851,043","46,923,214","49,454,976","51,607,965","53,651,810","55,686,973","57,590,012",17%,29%,32%,37%,40%,47%,55%,61%,70%,72%,73%,75%,76%,77%,78%,31,66,93,127,189,297,376,425,493,507,519,524,526,528,529,29%,25%,26%,23%,18%,15%,15%,16%,16%,18%,18%,18%,18%,18%,18%,73.1,47.2,45.1,38.5,37.1,27.6,24.4,22.5,19.4,19.9,19.7,19.6,19.7,19.5,19.5
EGY,Egypt,Égypte,North Africa,"995,450","5,424,754","7,992,077","11,375,889","15,492,572","21,335,631","26,669,671","39,550,630","60,470,372","100,298,347","108,853,289","116,670,091","124,604,226","132,559,451","140,033,821","146,626,401","5,691","8,362","9,392","10,394","11,456","12,569","13,757","14,807","20,444,030","25,749,888","32,351,784","40,577,980","51,996,257","63,849,886","79,691,191","90,626,816","102,334,403","114,643,520","122,693,578","130,910,336","139,267,370","147,037,554","153,947,618",27%,31%,35%,38%,41%,42%,50%,67%,98%,95%,95%,95%,95%,95%,95%,67,93,134,195,296,391,509,590,817,804,833,852,856,855,838,47%,49%,50%,49%,47%,45%,41%,38%,38%,38%,38%,38%,38%,37%,38%,18.5,15.1,16.0,13.4,10.9,9.7,9.2,8.3,6.6,6.8,6.7,6.6,6.5,6.5,6.7
ERI,Eritrea,Érythrée,East Africa,"101,000","136,286","174,418","317,670","384,324","495,800","747,683","942,952","1,185,085","1,403,404","1,640,000","1,866,747","2,192,342","2,542,998","2,886,292","3,207,889",144,169,221,268,353,449,562,689,"1,182,100","1,449,600","1,772,200","2,429,200","3,219,800","2,841,169","4,056,465","4,847,000","3,546,427","3,823,772","4,139,941","4,484,242","4,834,312","5,173,428","5,483,676",12%,12%,18%,16%,15%,26%,23%,24%,40%,43%,45%,49%,53%,56%,58%,4,5,6,6,7,17,19,26,28,32,33,39,46,48,48,73%,71%,69%,75%,73%,54%,47%,39%,34%,33%,33%,32%,31%,30%,30%,49.1,140.4,123.9,123.9,116.6,54.4,50.3,40.5,37.8,33.0,33.1,28.3,25.6,24.4,24.4
ETH,Ethiopia,Éthiopie,East Africa,"1,000,000","503,399","778,118","1,323,940","2,343,023","3,771,576","6,179,469","11,159,216","22,690,880","29,653,091","35,335,122","41,095,287","46,960,284","52,920,921","58,895,925","64,863,185","6,974","8,192","9,980","12,015","14,354","16,768","19,289","22,012","18,809,147","22,057,838","24,901,200","35,259,139","48,459,134","61,998,962","81,749,143","90,078,000","100,891,000","112,504,160","123,751,001","134,319,272","144,281,830","153,673,429","162,321,057",3%,4%,5%,7%,8%,10%,14%,25%,29%,31%,33%,35%,37%,38%,40%,6,11,23,44,74,132,298,448,515,549,563,563,568,562,551,72%,70%,60%,55%,48%,39%,27%,16%,14%,14%,13%,13%,13%,13%,13%,173.4,116.9,77.8,57.4,47.5,42.0,24.8,19.5,17.6,17.1,17.2,17.2,17.2,17.3,17.6
GAB,Gabon,Gabon,Central Africa,"257,670","10,400","45,900","102,300","233,802","511,361","857,707","1,226,431","1,506,156","1,703,517","1,914,507","2,131,743","2,337,037","2,553,745","2,760,995","2,952,284",349,433,509,594,681,784,889,995,"408,800","448,600","517,000","789,978","935,003","1,330,612","1,701,217","1,866,481","2,225,728","2,461,182","2,684,648","2,899,198","3,110,735","3,316,687","3,511,326",3%,10%,20%,30%,55%,64%,72%,81%,77%,78%,79%,81%,82%,83%,84%,1,2,2,5,7,11,12,14,15,16,18,19,21,22,22,100%,60%,70%,64%,69%,62%,59%,59%,59%,58%,58%,57%,57%,57%,57%,0.0,148.8,148.8,121.2,133.3,102.7,92.4,92.7,91.4,84.9,79.0,79.0,74.0,73.2,73.2
GHA,Ghana,Ghana,West Africa,"227,540","381,001","1,017,750","1,784,032","2,491,755","3,647,239","6,241,045","11,502,444","13,489,890","16,403,846","18,749,476","21,079,461","23,538,672","25,981,922","28,373,045","30,548,474","3,261","6,166","7,391","8,667","10,065","11,601","13,199","14,696","5,544,286","6,726,800","8,559,313","11,028,695","14,240,129","18,412,247","24,223,431","27,403,036","30,313,000","33,202,944","36,064,342","38,879,647","41,595,552","44,232,287","46,580,158",7%,15%,21%,23%,26%,34%,47%,49%,54%,56%,58%,61%,62%,64%,66%,9,30,40,51,71,100,158,173,228,235,243,265,287,297,302,66%,51%,54%,52%,51%,54%,54%,54%,49%,48%,49%,50%,49%,50%,50%,71.4,48.5,33.4,32.9,28.5,25.7,19.7,18.8,15.6,15.8,15.4,14.5,13.8,13.4,13.4
GIN,Guinea,Guinée,West Africa,"245,720","88,900","225,960","568,339","950,388","1,629,369","2,411,240","3,319,151","4,044,553","5,222,145","6,209,409","7,354,022","8,509,607","9,722,790","10,969,135","12,225,842",777,"1,104","1,461","1,950","2,521","3,171","3,916","4,721","2,250,200","2,961,630","4,132,500","5,444,500","6,476,319","7,777,717","9,769,195","10,923,758","13,132,792","14,841,458","16,617,115","18,389,421","20,116,346","21,818,740","23,440,685",4%,8%,14%,17%,25%,31%,34%,37%,40%,42%,44%,46%,48%,50%,52%,5,7,11,16,21,31,37,42,56,59,66,69,75,79,81,41%,55%,63%,62%,55%,52%,53%,54%,52%,51%,50%,50%,49%,53%,53%,108.3,93.9,82.3,76.5,70.2,55.6,48.5,43.8,33.0,33.2,33.3,32.9,30.8,29.1,28.4
GMB,The Gambia,Gambie,West Africa,"10,120","26,038","25,520","64,399","127,161","266,548","484,211","753,261","916,278","1,064,615","1,332,635","1,686,377","2,021,803","2,369,237","2,709,110","3,047,400",195,363,514,742,"1,002","1,292","1,566","1,869","275,595","306,293","436,367","627,800","919,065","1,261,559","1,723,030","2,023,790","2,229,000","2,539,453","2,856,151","3,167,332","3,460,852","3,739,590","4,000,401",9%,8%,15%,20%,29%,38%,44%,45%,48%,52%,59%,64%,68%,72%,76%,1,1,2,2,3,5,7,7,8,9,10,10,12,12,12,0%,0%,44%,66%,77%,82%,84%,86%,85%,86%,87%,90%,90%,91%,91%,0.0,0.0,20.7,20.7,47.8,42.8,31.9,31.9,13.4,13.8,18.0,19.9,17.4,17.4,17.4
GNB,Guinea-Bissau,Guinée-Bissau,West Africa,"28,120","46,163","49,844","118,572","129,396","210,809","329,992","470,351","525,458","748,822","851,379","968,726","1,113,049","1,252,772","1,399,742","1,519,141",95,120,141,168,207,248,298,343,"508,970","525,437","487,448","784,577","952,106","1,187,876","1,516,625","1,530,637","1,967,998","2,185,082","2,402,266","2,617,124","2,829,075","3,034,995","3,226,266",9%,9%,24%,16%,22%,28%,31%,34%,38%,39%,40%,43%,44%,46%,47%,1,1,1,2,3,3,4,6,11,11,12,15,17,18,18,100%,100%,100%,89%,87%,91%,82%,78%,72%,72%,71%,68%,67%,66%,65%,0.0,0.0,0.0,101.8,64.2,64.2,47.7,39.4,35.4,35.4,31.2,28.4,26.2,27.8,27.8
GNQ,Equatorial Guinea,Guinée équatoriale,Central Africa,"28,050","49,300","58,300","64,400","73,000","91,728","353,010","443,062","607,000","732,700","909,589","1,104,660","1,275,620","1,452,381","1,650,771","1,829,979",116,126,223,301,381,477,615,718,"198,663","245,989","262,182","290,815","356,282","886,749","1,143,891","1,222,442","1,402,985","1,619,711","1,826,381","2,018,269","2,203,089","2,380,849","2,538,679",25%,24%,25%,25%,26%,40%,39%,50%,52%,56%,60%,63%,66%,69%,72%,2,2,2,2,2,2,3,5,5,7,9,9,9,10,10,100%,100%,100%,100%,100%,100%,98%,94%,93%,91%,89%,89%,88%,88%,87%,233.3,233.3,233.3,233.3,233.3,233.3,184.3,94.0,94.0,72.0,62.1,62.1,62.1,55.6,55.6
KEN,Kenya,Kenya,East Africa,"569,140","264,624","523,639","917,251","1,633,712","2,633,996","5,742,400","11,555,609","17,823,155","39,103,477","44,948,053","50,191,813","55,504,049","60,601,314","65,408,119","69,827,139","10,676","33,109","38,488","43,602","49,181","54,826","59,448","63,458","5,777,137","8,052,106","11,317,698","15,850,495","22,076,819","29,551,624","39,434,612","44,156,577","48,567,000","53,541,727","58,460,302","63,254,784","67,657,806","71,653,098","75,118,369",5%,7%,8%,10%,12%,19%,29%,40%,81%,84%,86%,88%,90%,91%,93%,4,5,7,13,22,39,54,62,154,139,140,126,114,104,93,88%,87%,86%,74%,71%,65%,47%,40%,23%,40%,41%,41%,42%,42%,8%,205.3,151.7,88.2,119.2,98.9,73.7,56.5,49.0,23.1,24.4,24.9,27.6,27.7,29.3,30.6
LBR,Liberia,Libéria,West Africa,"96,320","22,900","64,861","190,241","475,778","757,321","1,039,986","1,444,893","1,696,249","2,240,709","2,546,870","2,855,688","3,179,117","3,495,677","3,804,226","4,096,810",371,580,690,808,949,"1,107","1,277","1,451","820,000","955,024","1,354,407","1,867,074","2,400,746","2,965,358","3,810,975","4,045,171","5,057,677","5,630,388","6,216,851","6,805,258","7,384,352","7,936,451","8,447,384",3%,7%,14%,25%,32%,35%,38%,42%,44%,45%,46%,47%,47%,48%,48%,1,1,4,12,13,14,19,20,26,25,24,25,24,24,24,100%,100%,79%,66%,70%,73%,70%,70%,71%,74%,76%,77%,82%,83%,84%,0.0,0.0,47.0,81.4,62.9,54.2,40.4,36.7,30.5,31.5,33.4,33.9,34.4,34.4,34.4
LBY,Libya,Libye,North Africa,"1,759,540","394,250","588,782","912,505","1,559,148","2,667,338","3,672,049","4,055,795","4,055,795","5,535,283","5,845,732","6,091,925","6,264,425","6,439,603","6,526,588","6,548,213","2,722","3,813","4,113","4,336","4,500","4,657","4,738","4,759","938,578","1,348,436","2,008,748","3,064,282","4,275,614","5,342,509","5,467,108","5,467,108","6,931,000","7,264,912","7,532,724","7,733,589","7,887,565","7,981,717","8,008,163",42%,44%,45%,51%,62%,69%,74%,74%,80%,80%,81%,81%,82%,82%,82%,12,14,16,18,27,38,39,39,58,61,64,65,70,71,71,42%,49%,48%,46%,44%,45%,48%,48%,42%,42%,42%,41%,41%,41%,41%,94.8,81.5,99.2,145.3,95.9,82.7,80.8,80.8,57.5,55.4,53.1,52.5,46.8,47.6,47.6
LSO,Lesotho,Lesotho,Southern Africa,"30,360",-,"11,393","50,771","87,533","162,523","309,620","451,910","509,057","905,825","1,098,722","1,300,114","1,489,152","1,675,162","1,858,226","2,039,243",285,310,408,522,642,767,896,"1,036","595,713","724,001","991,638","1,368,891","1,709,796","1,868,364","1,891,549","1,998,573","2,142,252","2,202,050","2,269,853","2,328,756","2,376,380","2,413,753","2,433,392",0%,2%,5%,6%,10%,17%,24%,25%,42%,50%,57%,64%,70%,77%,84%,0,1,2,2,4,6,9,9,17,16,15,15,13,11,11,0%,100%,74%,80%,70%,71%,58%,60%,47%,46%,45%,44%,45%,49%,48%,0.0,0.0,62.0,62.0,23.6,39.5,26.1,26.1,24.7,26.5,29.3,29.3,33.7,39.2,39.2
MAR,Morocco,Maroc,North Africa,"446,300","2,192,387","3,099,575","4,625,887","6,978,129","10,013,428","13,167,805","16,313,607","19,388,850","25,182,508","27,298,148","29,181,754","30,954,584","32,570,568","33,987,145","35,180,560","2,451","3,383","3,804","4,194","4,599","5,008","5,383","5,729","8,758,248","11,686,470","14,972,260","19,288,567","23,911,351","28,205,118","32,106,453","34,165,283","36,910,558","38,667,056","40,146,466","41,325,574","42,245,782","42,904,995","43,270,349",25%,27%,31%,36%,42%,47%,51%,57%,68%,71%,73%,75%,77%,79%,81%,31,44,53,73,93,127,133,152,233,246,251,263,274,278,282,40%,41%,42%,39%,35%,31%,31%,32%,28%,29%,29%,29%,28%,28%,28%,55.7,50.9,44.8,42.1,37.8,31.8,32.5,29.6,23.6,23.0,23.1,22.3,22.1,22.3,22.1
MDG,Madagascar,Madagascar,East Africa,"587,041","332,800","483,700","849,856","1,322,825","1,717,114","2,960,402","4,599,356","5,325,140","6,231,177","7,657,050","9,236,539","10,912,364","12,687,925","14,554,723","16,495,672",588,628,833,"1,096","1,433","1,862","2,265","2,700","4,304,723","5,600,000","7,006,013","8,678,391","11,305,460","15,061,324","21,545,145","24,645,021","27,691,019","31,157,972","34,732,974","38,335,241","41,912,402","45,417,367","48,842,329",8%,9%,12%,15%,15%,20%,21%,22%,23%,25%,27%,28%,30%,32%,34%,9,12,20,33,35,43,61,67,77,88,96,98,101,103,103,52%,43%,45%,39%,38%,47%,48%,47%,46%,46%,46%,47%,47%,48%,48%,193.5,175.9,123.9,81.4,84.1,79.5,56.5,53.1,49.3,46.7,44.4,44.5,43.6,42.6,42.7
MLI,Mali,Mali,West Africa,"1,220,190","142,373","199,161","394,899","908,758","1,379,479","2,324,660","4,267,902","5,557,442","6,942,756","8,403,774","10,065,981","11,707,858","13,486,107","15,167,007","16,738,813","1,099","1,644","2,111","2,688","3,390","4,241","5,100","5,864","3,400,000","4,070,600","5,094,103","6,726,293","8,223,125","10,629,613","15,178,189","17,819,002","20,250,834","23,186,701","26,260,505","29,338,686","32,329,405","35,102,999","37,718,081",4%,5%,8%,14%,17%,22%,28%,31%,34%,36%,38%,40%,42%,43%,44%,4,4,12,16,22,38,71,91,106,124,150,163,187,205,210,58%,64%,51%,54%,54%,53%,51%,50%,51%,50%,50%,50%,50%,50%,51%,261.4,261.4,154.1,116.1,97.5,67.9,41.1,38.4,36.1,32.6,29.4,27.8,26.7,24.9,24.7
MOZ,Mozambique,Mozambique,Southern Africa,"786,380","135,865","263,000","590,526","1,618,702","2,396,958","4,596,111","6,760,357","8,230,164","12,083,825","14,681,334","17,456,923","20,253,483","23,042,392","25,826,655","28,507,409","2,679","4,244","5,291","6,606","8,125","9,735","11,478","13,272","5,738,911","6,593,000","8,253,844","11,629,220","13,654,362","16,617,337","22,739,460","26,961,267","31,255,435","35,597,091","40,105,204","44,618,740","49,022,073","53,323,661","57,292,856",2%,4%,7%,14%,18%,28%,30%,31%,39%,41%,44%,45%,47%,48%,50%,2,3,6,15,15,57,122,141,233,266,301,324,332,347,358,69%,70%,75%,44%,44%,32%,30%,32%,22%,20%,19%,18%,17%,17%,16%,720.0,796.1,251.7,130.8,119.8,59.4,33.0,30.7,22.8,21.6,21.4,21.3,21.1,21.3,21.0
MRT,Mauritania,Mauritanie,North Africa,"1,030,700",-,-,"81,251","306,186","712,017","836,104","1,331,741","1,713,049","1,986,309","2,317,046","2,638,717","2,990,695","3,333,023","3,671,294","4,052,419",383,468,585,708,865,"1,036","1,223","1,430","847,000","1,007,000","1,214,828","1,465,549","1,959,615","2,508,159","3,279,199","4,034,103","4,649,660","5,240,213","5,845,041","6,458,573","7,076,548","7,694,340","8,294,557",0%,0%,7%,21%,36%,33%,41%,42%,43%,44%,45%,46%,47%,48%,49%,0,0,4,7,15,12,20,23,26,30,31,34,35,35,39,0%,0%,50%,60%,59%,67%,64%,62%,63%,63%,63%,63%,63%,64%,63%,0.0,0.0,351.3,235.4,152.7,180.0,120.2,105.3,98.0,90.6,89.2,82.3,79.5,79.5,71.3
MUS,Mauritius,Maurice,East Africa,"2,040","78,191","138,383","427,871","526,454","586,923","755,672","879,219","933,884","1,049,596","1,056,597","1,054,140","1,042,560","1,021,995","974,576","934,090",221,263,265,265,265,265,259,257,"492,417","658,225","818,360","959,518","1,056,660","1,178,848","1,231,679","1,262,605","1,222,000","1,217,549","1,202,400","1,177,254","1,142,562","1,100,910","1,055,810",16%,21%,52%,55%,56%,64%,71%,74%,86%,87%,88%,89%,89%,89%,88%,1,3,7,8,9,11,14,15,16,16,16,16,16,14,13,100%,81%,81%,79%,77%,74%,71%,66%,61%,61%,61%,61%,61%,62%,63%,0.0,15.6,13.2,12.2,10.1,9.5,48.8,45.9,43.6,43.6,43.6,43.6,43.6,49.7,52.9
MWI,Malawi,Malawi,Southern Africa,"94,280","24,483","100,392","207,877","451,274","879,043","1,423,803","3,193,337","3,939,410","6,593,120","8,020,232","9,257,515","10,469,493","11,814,107","13,132,555","14,268,651","1,128","2,218","2,802","3,355","3,983","4,740","5,530","6,232","2,250,347","3,041,119","4,533,465","6,188,788","8,455,460","10,340,837","13,948,594","16,310,428","18,450,000","20,824,102","23,309,099","25,801,171","28,252,450","30,639,089","32,861,370",1%,3%,5%,7%,10%,14%,23%,24%,36%,39%,40%,41%,42%,43%,43%,1,3,4,6,13,19,51,58,148,163,178,183,199,210,206,100%,87%,85%,83%,74%,69%,51%,50%,35%,34%,33%,32%,31%,30%,31%,0.0,118.1,158.8,118.1,80.8,58.1,25.9,23.5,12.5,11.9,11.6,11.5,10.8,10.4,10.7
NAM,Namibia,Namibie,Southern Africa,"823,290","20,205","48,200","106,200","169,942","318,373","503,591","740,517","877,767","1,113,454","1,345,089","1,579,623","1,873,689","2,155,360","2,443,838","2,730,075",301,443,582,764,995,"1,273","1,580","1,847","406,195","518,600","746,400","1,013,987","1,388,933","1,781,704","2,079,950","2,210,000","2,505,000","2,703,696","2,899,885","3,094,687","3,282,692","3,460,839","3,619,667",5%,9%,14%,17%,23%,28%,36%,40%,44%,50%,54%,61%,66%,71%,75%,1,2,4,7,12,15,16,16,20,21,21,25,26,25,24,100%,75%,58%,54%,44%,44%,42%,41%,42%,42%,43%,42%,42%,42%,42%,0.0,267.0,341.0,161.4,159.7,143.8,137.6,137.6,120.9,120.3,120.3,107.9,106.3,112.7,116.0
NER,Niger,Niger,West Africa,"1,266,700","23,300","84,248","215,538","519,163","1,080,886","1,690,581","2,482,011","3,259,324","4,352,536","5,686,639","7,141,637","8,941,234","10,963,911","13,040,669","15,128,289",555,805,"1,106","1,506","2,059","2,755","3,459","4,184","2,163,500","2,866,700","4,007,686","5,616,234","7,609,373","10,706,910","15,582,162","18,850,739","24,206,636","28,889,910","34,127,901","39,810,615","45,785,144","51,846,050","57,775,013",1%,3%,5%,9%,14%,16%,16%,17%,18%,20%,21%,22%,24%,25%,26%,2,4,6,10,23,36,47,67,102,144,177,224,274,320,365,0%,40%,47%,50%,40%,39%,37%,33%,29%,25%,23%,20%,18%,16%,15%,406.6,250.0,220.9,128.4,83.3,58.1,44.4,37.9,27.4,26.3,24.8,21.4,17.1,15.6,14.2
NGA,Nigeria,Nigéria,West Africa,"910,770","3,397,007","7,524,920","11,165,700","18,159,800","29,196,700","43,813,700","71,352,400","94,523,389","119,924,006","140,162,121","161,827,178","183,942,535","206,517,988","228,792,011","250,291,025","16,358","21,929","26,313","31,481","37,414","44,232","51,844","59,843","31,800,000","39,230,000","49,300,000","65,700,000","86,950,000","116,861,000","160,832,000","186,939,800","205,427,000","230,620,727","256,755,060","282,683,558","308,000,640","331,617,159","353,474,985",11%,19%,23%,28%,34%,37%,44%,51%,58%,61%,63%,65%,67%,69%,71%,89,169,249,396,478,653,829,1032,1469,1610,1742,1821,1871,1915,1924,9%,11%,14%,15%,17%,17%,17%,15%,14%,14%,16%,17%,18%,18%,18%,42.3,35.1,28.5,22.9,21.1,18.1,16.0,14.2,11.6,11.1,10.8,10.5,10.5,10.4,10.4
RWA,Rwanda,Rwanda,East Africa,"24,670","11,767",-,"57,400","155,103","258,262","1,663,747","5,156,790","6,231,344","8,338,427","9,485,155","10,655,410","11,848,851","13,071,469","14,302,418","15,484,304","2,341","2,382","2,846","3,378","3,977","4,664","5,283","5,841","1,888,136","2,606,102","3,757,100","5,100,569","6,724,817","7,893,222","9,996,466","11,346,291","12,649,000","14,079,925","15,501,303","16,900,110","18,286,026","19,616,803","20,845,017",1%,0%,2%,3%,4%,21%,52%,55%,66%,67%,69%,70%,71%,73%,74%,1,0,1,3,3,40,40,41,53,47,45,41,37,29,27,100%,0%,100%,83%,86%,48%,40%,35%,36%,38%,49%,51%,53%,59%,67%,0.0,0.0,0.0,63.2,63.2,12.9,12.9,12.7,10.4,10.8,10.5,11.0,11.4,13.4,12.3
SDN,Sudan,Soudan,East Africa,"1,861,484","534,692","869,120","1,696,731","2,985,750","5,415,841","8,843,031","13,161,429","16,016,274","20,397,487","24,162,571","28,041,201","32,252,122","36,582,475","40,974,216","45,427,704","2,978","3,736","4,709","5,852","7,298","8,990","10,673","12,482","6,507,900","8,273,681","11,199,755","14,503,641","18,218,133","24,516,008","32,923,005","38,435,252","43,849,269","48,858,514","54,033,366","59,260,084","64,420,097","69,490,448","74,342,175",8%,11%,15%,21%,30%,36%,40%,42%,47%,49%,52%,54%,57%,59%,61%,13,21,35,50,77,140,216,272,324,338,346,353,358,363,362,43%,39%,39%,40%,40%,39%,35%,33%,36%,40%,42%,45%,47%,49%,50%,206.9,112.4,71.0,59.8,47.9,33.4,28.3,24.2,22.6,22.3,22.0,21.7,21.4,21.4,21.6
SEN,Senegal,Sénégal,West Africa,"192,530","404,500","552,055","970,477","1,825,575","2,956,354","3,878,190","5,681,204","6,941,083","8,904,541","10,381,509","11,993,587","13,662,368","15,531,341","17,395,449","19,380,168",877,"1,200","1,500","1,860","2,280","2,819","3,420","4,078","2,059,600","2,528,617","3,775,834","5,648,478","7,249,783","9,479,436","12,230,256","14,143,151","16,705,000","18,830,069","21,038,693","23,328,298","25,705,712","28,074,213","30,455,777",20%,22%,26%,32%,41%,41%,46%,49%,53%,55%,57%,59%,60%,62%,64%,7,8,11,24,31,39,53,65,89,107,127,140,155,165,181,57%,57%,57%,53%,54%,51%,46%,44%,44%,42%,41%,41%,40%,40%,39%,70.5,65.8,72.9,41.4,46.6,39.2,32.2,27.5,21.9,19.2,17.5,16.0,14.7,14.2,14.0
SLE,Sierra Leone,Sierra Leone,West Africa,"72,180","90,739","158,432","334,670","624,043","906,931","1,293,567","1,840,169","2,562,278","3,390,300","3,495,282","3,987,551","4,487,988","4,973,465","5,453,944","5,905,916",386,418,434,515,609,709,822,942,"1,914,810","2,115,980","2,518,724","3,136,611","3,849,747","4,615,781","5,952,263","7,092,113","7,470,000","8,143,911","8,784,416","9,374,167","9,922,492","10,419,447","10,829,335",5%,7%,13%,20%,24%,28%,31%,36%,45%,43%,45%,48%,50%,52%,55%,2,4,6,9,11,16,18,23,24,24,24,24,23,23,23,81%,71%,62%,59%,59%,57%,57%,57%,59%,59%,59%,60%,60%,61%,61%,141.3,85.2,62.7,49.0,45.1,40.6,36.0,32.7,31.4,31.4,31.4,31.4,33.8,33.8,33.8
SOM,Somalia,Somalie,East Africa,"627,340","154,067","268,629","467,227","837,539","1,316,315","2,075,840","3,435,147","4,540,800","5,694,056","7,089,647","8,725,880","10,559,382","12,552,434","14,705,021","17,036,798",469,630,881,"1,283","1,796","2,457","3,250","4,244","1,816,144","2,230,000","3,363,000","5,074,000","7,555,000","9,000,000","10,874,931","12,675,000","14,475,000","16,593,678","18,914,966","21,344,014","23,835,336","26,327,735","28,876,199",8%,12%,14%,17%,17%,23%,32%,36%,39%,43%,46%,49%,53%,56%,59%,4,11,13,16,22,28,42,48,60,69,77,85,89,94,97,51%,52%,61%,65%,63%,61%,57%,53%,50%,48%,46%,45%,43%,42%,41%,245.8,74.7,104.9,114.4,101.4,83.0,68.0,64.1,54.2,47.7,46.8,43.9,43.0,41.4,39.4
SSD,South Sudan,Soudan du Sud,East Africa,"644,329","18,000","44,480","157,130","285,846","456,779","764,925","1,929,114","2,703,500","5,071,017","5,835,925","6,653,206","7,571,412","8,469,915","9,441,565","10,404,066",810,"1,685","2,009","2,407","2,922","3,448","4,051","4,707","2,211,283","2,833,347","2,936,369","4,471,018","6,025,072","7,179,555","9,447,153","12,408,235","11,193,729","12,325,963","13,510,831","14,722,338","15,883,852","16,997,700","18,029,260",1%,2%,5%,6%,8%,11%,20%,22%,45%,47%,49%,51%,53%,56%,58%,1,3,7,10,12,15,45,53,71,72,71,74,74,76,81,100%,38%,27%,26%,24%,22%,16%,14%,19%,21%,23%,25%,27%,28%,29%,0.0,454.3,143.3,175.2,143.3,143.8,58.4,47.2,36.3,39.2,40.8,40.2,40.4,42.1,39.5
STP,Sao Tome and Principe,Sao Tomé-et-Principe,Central Africa,960,-,-,"19,636","35,386","51,109","62,563","112,719","160,051","154,470","175,225","208,947","224,136","238,826","252,890","265,828",33,29,31,37,40,43,47,49,"60,687","152,591","73,947","93,961","115,202","135,428","178,174","199,000","210,000","229,146","251,405","274,842","298,571","322,446","345,826",0%,0%,27%,38%,44%,46%,63%,80%,74%,76%,83%,82%,80%,78%,77%,0,0,1,1,1,1,3,3,3,4,6,6,6,6,6,0%,0%,100%,100%,100%,100%,80%,84%,81%,75%,66%,65%,63%,61%,60%,0.0,0.0,0.0,0.0,0.0,0.0,11.9,11.9,11.9,10.6,33.9,33.9,33.9,33.9,33.9
SWZ,Kingdom of Eswatini,Royaume d’Eswatini,Southern Africa,"17,200",-,-,"37,292","63,059","104,093","250,721","287,346","300,643","447,659","522,938","576,296","649,582","720,065","790,556","857,606",398,449,548,626,741,855,984,"1,123","197,673","278,656","418,600","562,072","793,220","982,385","1,041,807","1,079,382","1,160,164","1,210,364","1,268,109","1,351,376","1,431,759","1,505,349","1,566,824",0%,0%,9%,11%,13%,26%,28%,28%,39%,43%,45%,48%,50%,53%,55%,0,0,2,2,2,5,5,5,9,8,8,8,7,7,7,0%,0%,100%,100%,100%,79%,81%,82%,64%,63%,64%,64%,67%,68%,68%,0.0,0.0,13.8,13.8,13.8,15.3,15.3,15.3,13.1,14.3,14.3,14.3,14.5,14.5,14.5
SYC,Seychelles,Seychelles,East Africa,459,"10,265","13,392","19,502","23,629","24,242","58,455","63,960","67,821","76,573","78,045","78,872","79,249","79,122","78,434","77,165",41,48,49,50,50,50,50,50,"36,093","41,425","51,734","63,771","70,634","79,232","88,311","93,419","98,000","100,147","101,125","101,522","101,276","100,312","98,607",28%,32%,38%,37%,34%,74%,72%,73%,78%,78%,78%,78%,78%,78%,78%,1,1,1,1,1,1,1,1,1,1,1,1,1,1,1,100%,100%,100%,100%,100%,100%,100%,100%,100%,100%,100%,100%,100%,100%,100%,0.0,0.0,0.0,0.0,0.0,0.0,0.0,0.0,0.0,0.0,0.0,0.0,0.0,0.0,0.0
TCD,Chad,Tchad,Central Africa,"1,259,200","56,500","136,306","315,059","582,731","971,608","1,550,601","2,890,553","3,835,024","5,241,045","6,374,365","7,700,555","9,008,478","10,401,802","11,809,071","13,267,943",729,"1,086","1,412","1,857","2,376","3,011","3,663","4,339","2,241,800","2,898,800","3,393,207","4,387,191","5,766,352","8,173,180","11,755,309","13,670,084","16,425,859","18,780,987","21,209,333","23,677,566","26,097,063","28,485,702","30,761,550",3%,5%,9%,13%,17%,19%,25%,28%,32%,34%,36%,38%,40%,41%,43%,3,4,9,14,25,36,68,89,125,139,159,169,183,188,199,42%,48%,47%,49%,47%,45%,35%,32%,31%,31%,31%,32%,33%,33%,34%,302.4,371.1,155.9,93.4,79.4,81.3,52.9,47.5,37.6,35.2,32.0,30.4,29.2,28.7,29.4
TGO,Togo,Togo,West Africa,"54,390","42,658","152,563","386,493","651,811","850,000","1,243,813","2,508,190","3,308,607","4,676,344","5,635,146","6,578,996","7,641,297","8,784,273","10,010,482","11,101,301",860,"1,239","1,584","1,954","2,408","2,960","3,613","4,159","1,049,576","1,480,103","1,953,800","2,621,315","3,440,411","4,531,349","6,112,083","6,835,000","7,690,000","8,551,251","9,454,782","10,383,766","11,309,420","12,211,150","13,055,559",4%,10%,20%,25%,25%,27%,41%,48%,61%,66%,70%,74%,78%,82%,85%,1,3,14,16,18,24,40,49,66,78,84,92,102,109,105,100%,83%,49%,57%,56%,54%,56%,52%,58%,61%,61%,61%,61%,62%,62%,0.0,140.1,41.3,37.2,32.6,27.3,22.1,18.0,13.8,13.7,13.5,13.1,12.8,12.6,12.9
TUN,Tunisia,Tunisie,North Africa,"155,360","747,768","953,117","1,354,899","2,145,972","3,314,404","4,423,660","5,403,917","6,276,349","8,363,174","8,754,846","9,055,963","9,296,734","9,476,732","9,649,481","9,747,092","1,914","2,212","2,348","2,456","2,541","2,608","2,674","2,711","3,435,334","4,089,789","4,989,056","6,333,316","8,050,601","9,467,124","10,562,421","11,118,935","11,818,618","12,020,154","12,308,187","12,498,552","12,619,352","12,689,752","12,701,806",22%,23%,27%,34%,41%,47%,51%,56%,71%,73%,74%,74%,75%,76%,77%,14,19,25,41,58,63,69,73,96,96,96,97,97,100,100,55%,51%,46%,38%,36%,36%,35%,39%,37%,37%,37%,37%,37%,37%,37%,53.0,41.5,36.5,31.3,27.2,26.5,25.4,24.4,21.3,21.3,21.3,21.2,21.2,20.7,20.7
TZA,Tanzania,Tanzanie,East Africa,"885,800","195,907","424,651","888,799","2,076,074","3,721,534","8,939,704","14,189,900","17,936,686","21,483,173","26,098,984","31,072,057","36,423,018","41,787,266","47,495,915","52,992,339","5,529","6,296","7,829","9,710","12,096","14,898","17,791","20,791","7,883,487","9,748,151","13,544,514","18,528,123","24,513,421","32,616,955","42,408,745","48,786,205","57,640,000","65,856,480","74,662,299","83,983,157","93,620,601","103,304,894","112,869,158",2%,4%,7%,11%,15%,27%,33%,37%,37%,40%,42%,43%,45%,46%,47%,7,13,19,40,69,166,194,200,414,487,558,621,647,696,712,40%,38%,40%,38%,33%,25%,28%,30%,26%,26%,27%,27%,28%,29%,29%,209.9,147.9,139.3,83.9,59.0,29.9,26.9,26.4,17.7,15.8,14.5,13.6,13.5,13.1,12.9
UGA,Uganda,Ouganda,East Africa,"200,520","42,665","193,413","483,442","674,265","1,644,399","3,112,822","5,411,519","13,546,404","20,364,936","26,520,136","31,949,709","37,673,108","43,633,618","49,780,574","55,843,543","5,009","8,414","11,670","14,828","18,330","22,188","26,139","30,065","5,198,948","6,759,428","9,767,329","12,636,300","16,213,245","22,246,679","31,196,309","35,550,628","41,584,000","46,975,054","52,454,461","57,739,299","62,698,797","67,454,837","71,783,789",1%,3%,5%,5%,10%,14%,17%,38%,49%,56%,61%,65%,70%,74%,78%,2,4,8,10,31,61,89,116,303,319,332,325,326,337,334,75%,70%,70%,68%,52%,47%,45%,28%,23%,23%,24%,24%,29%,30%,31%,65.8,145.6,105.7,93.8,43.0,30.5,24.4,21.3,11.4,11.5,11.0,11.0,10.6,10.3,10.1
ZAF,South Africa,Afrique du Sud,Southern Africa,"1,213,090","2,951,621","4,625,269","6,507,416","9,365,200","12,667,664","21,051,678","32,569,033","36,912,916","43,364,034","47,017,318","49,744,424","52,078,948","54,147,937","55,847,229","57,174,078","12,824","14,416","16,046","17,157","18,145","19,088","19,890","20,566","12,546,205","15,996,200","19,163,800","24,261,000","36,580,632","44,019,292","50,845,933","54,646,556","59,308,690","62,197,777","64,650,112","66,600,452","68,207,200","69,345,748","70,040,390",24%,29%,34%,39%,35%,48%,64%,68%,73%,76%,77%,78%,79%,81%,82%,33,49,70,100,130,348,430,472,586,573,573,573,573,567,564,66%,64%,62%,56%,50%,42%,41%,41%,38%,40%,45%,50%,51%,52%,52%,87.6,71.7,57.5,38.6,40.5,21.7,20.2,19.0,16.4,16.7,16.6,16.7,16.6,16.6,16.8
ZMB,Zambia,Zambie,Southern Africa,"743,390","306,100","610,525","1,127,741","2,065,126","2,486,856","3,474,575","5,283,129","6,855,200","8,347,300","9,735,464","11,322,481","12,956,911","14,733,639","16,563,471","18,407,437","1,741","2,118","2,676","3,390","4,238","5,242","6,407","7,733","2,301,555","3,204,687","4,181,808","5,679,900","7,383,097","10,285,631","13,046,508","15,474,000","18,577,000","21,192,403","24,003,527","26,915,765","29,880,006","32,854,628","35,771,692",13%,19%,27%,36%,34%,34%,40%,44%,45%,46%,47%,48%,49%,50%,51%,8,9,14,24,26,42,57,75,102,106,116,121,129,137,146,13%,19%,23%,26%,31%,34%,37%,35%,33%,33%,33%,32%,31%,32%,31%,91.7,81.7,106.6,94.1,99.4,73.2,69.9,57.7,39.9,38.8,36.5,35.4,33.5,32.5,30.4
ZWE,Zimbabwe,Zimbabwe,Southern Africa,"386,850","405,017","872,608","854,744","1,348,249","2,233,129","3,053,145","3,597,183","4,607,030","5,691,095","6,198,314","6,795,104","7,484,492","8,141,366","8,762,709","9,322,046","1,204","1,579","1,808","2,077","2,432","2,804","3,173","3,537","2,234,458","3,317,219","5,275,105","7,082,820","9,700,477","11,354,042","12,733,085","13,943,242","14,730,000","15,784,330","17,034,746","18,365,980","19,661,928","20,862,648","21,883,982",18%,26%,16%,19%,23%,27%,28%,33%,39%,39%,40%,41%,41%,42%,43%,8,13,13,15,23,27,39,45,76,74,75,79,84,87,91,75%,75%,74%,72%,69%,68%,61%,64%,57%,58%,58%,59%,58%,58%,58%,122.9,84.2,90.7,75.6,59.0,62.3,48.7,41.5,29.6,31.0,31.8,30.5,29.2,31.0,29.7
CA,Central Africa,Afrique centrale,Region,"5,275,800","1,146,346","2,790,164","7,074,491","11,537,839","18,510,404","25,919,918","41,912,932","56,296,241","82,598,205","100,375,725","119,054,798","138,410,766","158,338,710","178,662,607","198,853,419","9,621","15,262","19,625","24,841","30,975","37,908","45,809","53,797","22,977,927","26,999,664","37,848,157","49,426,780","65,625,303","86,880,793","114,188,096","129,866,781","162,821,572","186,594,052","210,052,484","233,443,743","256,428,623","278,391,475","299,224,043",5%,10%,19%,23%,28%,30%,37%,43%,51%,54%,57%,59%,62%,64%,66%,35,70,149,199,262,306,615,815,1156,1168,1213,1212,1183,1167,1161,57%,46%,41%,45%,48%,48%,43%,41%,37%,37%,41%,42%,43%,43%,44%,146.9,130.9,78.9,68.4,63.4,62.9,37.3,31.9,25.9,26.2,26.0,26.4,26.9,27.5,27.9
EA,East Africa,Afrique de l'Est,Region,"6,528,662","2,314,563","3,949,343","7,708,415","13,466,265","22,368,028","42,375,939","73,262,502","110,090,945","160,135,383","191,289,773","222,124,350","254,628,249","287,685,488","321,365,519","354,603,292","35,888","65,707","79,955","94,951","112,274","131,108","149,335","167,602","56,305,160","70,559,835","90,822,325","124,133,928","166,213,725","215,189,868","286,527,546","326,079,056","365,356,039","409,162,792","453,732,347","498,016,074","541,184,892","582,924,497","622,365,581",4%,6%,8%,11%,13%,20%,26%,34%,44%,47%,49%,51%,53%,55%,57%,54,90,149,237,365,701,1086,1371,2041,2182,2305,2370,2407,2461,2461,62%,58%,57%,53%,49%,43%,38%,31%,27%,31%,32%,32%,34%,34%,28%,205.4,138.9,102.8,81.0,63.5,41.1,32.2,27.3,20.8,20.1,19.6,19.3,19.1,18.9,18.8
,North Africa,Afrique du Nord,Region,"6,769,090","10,242,667","15,615,176","22,714,667","33,011,153","47,928,695","63,037,258","86,417,736","116,332,409","172,053,752","186,674,618","199,807,121","212,586,217","225,087,511","236,875,834","247,344,574","17,621","23,116","25,732","28,153","30,574","33,065","35,584","37,862","43,343,894","54,148,720","68,993,786","88,560,882","114,864,857","139,639,825","167,084,372","185,375,245","206,495,282","224,759,069","237,980,972","250,534,589","262,748,427","273,995,331","283,812,505",24%,29%,33%,37%,42%,45%,52%,63%,83%,83%,84%,85%,86%,86%,87%,155,236,325,461,678,928,1146,1302,1723,1744,1794,1835,1858,1867,1859,43%,43%,44%,41%,38%,35%,34%,33%,33%,34%,33%,33%,33%,33%,33%,45.4,36.4,38.7,34.4,28.5,24.1,21.3,19.3,16.1,16.4,16.2,16.0,16.0,15.9,16.0
SA,Southern Africa,Afrique australe,Region,"5,908,270","4,063,591","6,914,887","10,340,009","16,955,853","24,359,496","39,633,917","64,184,113","79,223,660","99,424,915","113,365,318","127,206,408","141,258,820","155,672,866","169,935,869","183,714,293","23,458","28,943","34,110","39,442","45,546","52,432","59,645","66,756","30,696,203","39,065,786","49,800,793","66,122,125","90,784,563","112,715,624","140,871,064","159,811,466","181,534,541","200,286,937","219,773,977","239,355,390","258,728,404","277,521,222","295,115,552",13%,18%,21%,26%,27%,35%,46%,50%,55%,57%,58%,59%,60%,61%,62%,58,87,132,200,268,579,824,938,1340,1379,1451,1500,1540,1573,1595,63%,62%,60%,53%,50%,44%,43%,42%,38%,38%,40%,41%,41%,41%,40%,116.5,92.6,90.3,65.8,58.8,37.0,31.4,29.4,22.9,22.9,22.4,22.3,22.3,22.4,22.4
WA,West Africa,Afrique de l'Ouest,Region,"5,032,970","4,956,689","10,849,558","18,109,934","31,124,914","50,211,866","76,206,975","122,837,376","158,079,509","202,529,359","237,562,062","275,671,220","315,247,150","356,064,553","396,789,222","436,305,386","28,440","41,704","50,994","62,171","75,269","90,343","106,944","123,796","58,940,750","73,543,545","95,089,356","127,597,314","167,755,929","222,310,382","303,521,146","350,630,992","395,749,135","445,709,844","497,887,843","550,501,850","602,691,849","652,760,544","700,010,846",8%,15%,19%,24%,30%,34%,40%,45%,51%,53%,55%,57%,59%,61%,62%,134,254,399,641,822,1163,1599,1967,2739,3047,3358,3605,3813,3968,4063,26%,26%,30%,32%,32%,32%,31%,29%,28%,28%,29%,29%,30%,30%,30%,68.0,50.8,42.1,33.9,31.0,26.0,21.6,19.2,15.6,15.0,14.4,14.0,13.6,13.3,13.2
AA,Africa,Afrique,Region,"29,514,792","22,723,856","40,119,128","65,947,516","106,096,024","163,378,489","247,174,007","388,614,659","520,022,764","716,741,614","829,267,496","943,863,897","1,062,131,203","1,182,849,129","1,303,629,052","1,420,820,964","115,028","174,732","210,415","249,558","294,637","344,858","397,317","449,814","212,263,934","264,317,550","342,554,417","455,841,029","605,244,377","776,736,492","1,012,192,224","1,151,763,540","1,311,956,569","1,466,512,694","1,619,427,623","1,771,851,646","1,921,782,195","2,065,593,069","2,200,528,527",11%,15%,19%,23%,27%,32%,38%,45%,55%,57%,58%,60%,62%,63%,65%,436,737,1154,1738,2395,3677,5270,6393,8999,9520,10121,10522,10801,11036,11139,46%,43%,44%,42%,40%,38%,36%,34%,31%,32%,33%,34%,35%,35%,34%,87.6,67.3,57.9,47.0,40.9,32.6,26.7,23.8,19.0,18.7,18.2,17.9,17.7,17.6,17.5
UMA,Arab Maghreb Union,Union du Maghreb arabe,Regional entities,"5,773,640","4,817,913","7,623,099","11,338,778","17,518,581","26,593,064","36,367,587","46,867,106","55,862,037","71,755,405","77,821,329","83,137,029","87,981,992","92,528,061","96,842,013","100,718,173","11,930","14,754","16,340","17,759","19,118","20,496","21,827","23,054","22,899,864","28,398,832","36,642,002","47,982,902","62,868,600","75,789,939","87,393,181","94,748,429","104,160,879","110,115,549","115,287,394","119,624,253","123,481,057","126,957,777","129,864,887",21%,27%,31%,37%,42%,48%,54%,59%,69%,71%,72%,74%,75%,76%,78%,88,143,191,266,382,537,637,712,906,940,961,983,1002,1012,1021,39%,36%,37%,34%,31%,28%,27%,28%,26%,27%,27%,27%,27%,27%,27%,65.8,50.2,54.7,49.9,42.6,34.6,31.0,28.4,24.6,24.7,24.5,24.1,24.0,24.0,23.8
COMESA,Common Market of Eastern and Southern Africa,Marché commun de l’Afrique orientale et australe,Regional entities,"10,815,534","9,829,128","16,086,215","26,769,757","40,375,640","60,636,509","87,715,617","137,897,238","204,215,964","315,660,581","365,001,700","412,903,790","462,376,613","512,721,895","562,723,360","610,867,590","48,295","86,596","104,504","123,078","144,092","166,880","189,642","211,750","90,770,005","113,599,123","149,560,873","197,232,913","260,673,425","332,606,820","431,143,905","487,205,936","560,910,495","628,806,215","692,313,535","754,963,380","815,795,100","873,526,668","926,887,883",11%,14%,18%,20%,23%,26%,32%,42%,56%,58%,60%,61%,63%,64%,66%,166,250,407,579,834,1219,1924,2468,3587,3630,3740,3746,3744,3741,3694,51%,51%,49%,48%,47%,46%,40%,35%,32%,34%,35%,36%,36%,37%,34%,90.5,70.5,58.4,50.1,40.8,34.2,26.7,22.8,17.7,17.8,17.7,17.8,17.6,17.7,17.8
CEN-SAD,Community of Sahel-Saharan States,Communauté des États Sahélo Sahariens,Regional entities,"10,763,073","11,108,374","17,481,854","28,425,682","44,703,282","67,493,135","97,029,254","146,630,935","195,435,941","291,693,618","330,473,904","369,845,351","410,861,212","452,612,748","493,825,055","533,301,318","37,444","72,901","86,465","101,242","118,240","136,958","155,596","173,660","78,590,575","100,255,102","131,151,519","173,070,888","224,950,874","285,366,704","369,520,154","419,395,687","475,322,864","529,784,070","581,536,337","633,774,235","685,508,535","735,317,889","781,954,825",14%,17%,22%,26%,30%,34%,40%,47%,61%,62%,64%,65%,66%,67%,68%,186,292,445,671,968,1386,1920,2295,3175,3376,3636,3860,4056,4187,4270,50%,51%,51%,50%,48%,46%,44%,42%,38%,41%,41%,41%,41%,42%,37%,83.2,63.3,55.4,45.3,38.9,32.5,26.8,23.9,19.4,19.0,18.6,18.0,17.3,17.1,17.0
CAE,East African Community,Communauté d’Afrique de l’Est,Regional entities,"4,592,519","1,111,628","2,956,706","7,169,675","11,676,960","19,223,565","32,770,829","55,967,662","84,878,772","138,596,640","168,286,811","197,406,865","227,827,146","258,532,290","289,745,768","320,064,306","26,483","58,300","71,625","85,489","101,322","118,509","135,615","152,058","35,680,732","44,255,449","62,441,509","83,232,675","110,797,658","146,265,093","193,431,604","221,971,473","263,944,729","300,279,130","336,708,332","373,221,146","408,911,899","443,172,604","475,454,647",3%,7%,11%,14%,17%,22%,29%,38%,53%,56%,59%,61%,63%,65%,67%,29,62,131,181,262,424,733,945,1728,1782,1873,1898,1867,1893,1885,57%,49%,44%,45%,45%,41%,36%,32%,25%,30%,33%,34%,35%,36%,29%,170.5,142.1,90.2,82.0,65.6,49.1,33.5,28.4,18.9,18.8,18.4,18.3,18.4,18.4,18.3
CEEAC,Economic Community of Central African States,Communauté économique des États de l’Afrique centrale,Regional entities,"6,547,170","1,378,413","3,173,664","7,909,915","13,232,859","21,361,135","31,754,462","57,318,713","78,350,619","110,507,889","133,126,746","157,231,399","182,402,849","208,595,343","235,444,030","262,346,075","14,096","19,972","25,428","32,003","39,804","48,851","58,889","68,885","29,011,329","34,585,887","47,251,423","61,967,715","82,191,115","108,602,355","144,733,278","166,205,956","206,592,572","236,780,305","267,146,726","297,823,297","328,383,509","358,053,524","386,540,290",5%,9%,17%,21%,26%,29%,40%,47%,53%,56%,59%,61%,64%,66%,68%,41,77,161,220,291,385,728,949,1330,1337,1389,1388,1357,1335,1331,58%,47%,44%,46%,48%,48%,44%,41%,38%,38%,42%,43%,44%,45%,46%,150.5,134.6,82.5,69.5,64.3,58.0,37.1,32.6,26.5,26.9,26.7,27.2,27.9,28.5,29.0
CEDEAO,Economic Community of West African States,Communauté économique des États de l’Afrique de l’Ouest,Regional entities,"5,032,970","4,956,689","10,849,558","18,109,934","31,124,914","50,211,866","76,206,975","122,837,376","158,079,509","202,529,359","237,562,062","275,671,220","315,247,150","356,064,553","396,789,222","436,305,386","28,440","41,704","50,994","62,171","75,269","90,343","106,944","123,796","58,940,750","73,543,545","95,089,356","127,597,314","167,755,929","222,310,382","303,521,146","350,630,992","395,749,135","445,709,844","497,887,843","550,501,850","602,691,849","652,760,544","700,010,846",8%,15%,19%,24%,30%,34%,40%,45%,51%,53%,55%,57%,59%,61%,62%,134,254,399,641,822,1163,1599,1967,2739,3047,3358,3605,3813,3968,4063,26%,26%,30%,32%,32%,32%,31%,29%,28%,28%,29%,29%,30%,30%,30%,68.0,50.8,42.1,33.9,31.0,26.0,21.6,19.2,15.6,15.0,14.4,14.0,13.6,13.3,13.2
IGAD,Intergovernmental Authority on Development,Autorité Intergouvernementale sur le Développement,Regional entities,"4,925,993","1,549,347","2,714,799","5,134,321","8,944,089","15,512,463","27,109,370","47,245,161","78,009,815","121,028,090","144,686,436","167,496,787","191,398,279","215,670,250","240,141,643","264,359,813","26,978","55,841","67,821","80,076","93,977","108,778","122,954","137,076","40,370,559","50,284,800","63,630,551","88,039,206","118,887,685","154,968,727","206,466,220","234,259,692","261,639,998","291,942,001","322,320,646","351,878,196","380,048,818","406,893,510","431,784,280",4%,5%,8%,10%,13%,17%,23%,33%,46%,50%,52%,54%,57%,59%,61%,31,56,94,144,239,416,750,1006,1434,1493,1536,1533,1536,1543,1525,64%,62%,59%,55%,51%,48%,38%,30%,25%,30%,31%,31%,33%,33%,24%,188.7,130.7,87.6,78.4,58.9,43.7,31.1,25.4,19.8,19.4,19.4,19.6,19.4,19.5,19.5
CDAA,Southern African Development Community,Communauté de développement de l’Afrique australe,Regional entities,"9,652,319","5,252,232","9,696,318","17,166,521","27,767,078","40,946,197","66,251,153","105,472,585","134,952,761","172,128,604","202,407,894","233,776,891","266,155,363","299,352,895","332,994,654","365,873,658","33,884","41,322","49,729","59,295","70,516","83,406","97,184","110,939","56,137,735","69,426,008","92,863,384","122,305,468","164,842,294","210,206,966","269,379,459","306,683,539","362,154,155","406,703,799","452,787,624","499,310,191","545,499,758","590,275,626","632,832,067",9%,14%,18%,23%,25%,32%,39%,44%,48%,50%,52%,53%,55%,56%,58%,90,152,269,390,508,945,1432,1727,2478,2637,2811,2930,2993,3073,3111,60%,56%,51%,48%,46%,41%,39%,38%,35%,35%,35%,36%,36%,36%,36%,157.7,116.2,91.9,69.6,61.6,41.6,32.8,29.6,23.5,22.8,22.1,21.8,21.7,21.5,21.4
UEMOA,West African Economic and Monetary Union,Union monétaire ouest-africaine,Regional entities,"3,466,290","940,020","1,800,615","3,952,262","8,218,254","13,699,005","20,753,430","32,395,470","40,582,959","54,011,068","64,772,489","76,544,659","89,209,310","102,625,437","116,292,614","129,780,893","7,044","11,082","14,123","17,927","22,622","28,136","34,217","40,166","16,185,875","21,047,916","28,516,753","39,496,931","52,564,645","69,981,908","96,718,377","111,678,491","131,635,666","150,227,040","170,073,104","190,668,399","211,667,887","232,447,947","252,688,275",6%,9%,14%,21%,26%,30%,33%,36%,41%,43%,45%,47%,48%,50%,51%,26,40,85,153,223,341,527,666,922,1079,1241,1383,1513,1610,1689,63%,63%,57%,54%,52%,50%,48%,46%,45%,44%,43%,43%,42%,42%,42%,134.4,112.1,84.0,57.2,49.8,38.6,29.3,25.6,20.6,19.4,18.4,17.3,16.3,15.8,15.4
